
	<!DOCTYPE project [
		<!ELEMENT project (objectids-table | current-scenario | duration | aggregation-period | truncated-mean | percentile)* >
	
		<!ELEMENT objectids-table (objectids-entry)* >
		<!ELEMENT objectids-entry (#PCDATA)>
		<!ELEMENT duration (#PCDATA)>
		<!ELEMENT truncated-mean (#PCDATA)>
		<!ELEMENT percentile (#PCDATA)>
		<!ELEMENT aggregation-period (#PCDATA)>
		<!ELEMENT current-scenario (#PCDATA)>
		<!ATTLIST duration
		    value CDATA #REQUIRED>
	    <!ATTLIST aggregation-period
		    value CDATA #REQUIRED>
		<!ATTLIST objectids-entry
		    objectid CDATA #REQUIRED
		    type CDATA #REQUIRED
		    value CDATA #REQUIRED
		    key CDATA #REQUIRED>
		<!ATTLIST truncated-mean
		    centered-interval CDATA #REQUIRED
		    percentage CDATA #REQUIRED>
		 <!ATTLIST percentile
		    percentage CDATA #REQUIRED>
	]>


<!--****** RUNTIME PROJECT ******--><project>
<!--****** CURRENT SCENARIO ******-->
<current-scenario>scenario1</current-scenario>
<!--****** OBJECTIDS ******-->
<objectids-table>
<objectids-entry key="" objectid="0" type="LG_HOST" value="localhost:7100"/>
<objectids-entry key="" objectid="1" type="ZONE" value="Default zone"/>
<objectids-entry key="Default zone¤demo¤" objectid="2" type="POPULATION" value="demo"/>
<objectids-entry key="Default zone¤demo¤users" objectid="3" type="VIRTUAL_USER" value="users"/>
<objectids-entry key="Default zone¤demo¤users" objectid="4" type="BASIC_LOGICAL_CONTAINER" value="$parent=users;$index=0"/>
<objectids-entry key="Default zone¤demo¤users" objectid="5" type="BASIC_LOGICAL_CONTAINER" value="$parent=users;$index=1"/>
<objectids-entry key="Default zone¤demo¤users" objectid="6" type="BASIC_LOGICAL_CONTAINER" value="abd91012-d0b4-4d23-b02f-7c4737a7ca1c"/>
<objectids-entry key="Default zone¤demo¤users" objectid="7" type="ACTION" value="f0eb55dc-1694-422f-85c0-440e2aded16f"/>
<objectids-entry key="Default zone¤demo¤users" objectid="8" type="DELAY" value="ca2ba0df-f7fe-44cc-b5c9-21bf5cd66b24"/>
<objectids-entry key="Default zone¤demo¤users" objectid="9" type="BASIC_LOGICAL_CONTAINER" value="14dbd22b-5d05-401c-8b65-1cb1722009af"/>
<objectids-entry key="Default zone¤demo¤users" objectid="10" type="ACTION" value="42825fec-7b59-487d-a7ce-faa7e8ca97a3"/>
<objectids-entry key="Default zone¤demo¤users" objectid="11" type="BASIC_LOGICAL_CONTAINER" value="$parent=users;$index=2"/>
<objectids-entry key="Default zone¤demo¤posts" objectid="12" type="VIRTUAL_USER" value="posts"/>
<objectids-entry key="Default zone¤demo¤posts" objectid="13" type="BASIC_LOGICAL_CONTAINER" value="$parent=posts;$index=0"/>
<objectids-entry key="Default zone¤demo¤posts" objectid="14" type="BASIC_LOGICAL_CONTAINER" value="$parent=posts;$index=1"/>
<objectids-entry key="Default zone¤demo¤posts" objectid="15" type="BASIC_LOGICAL_CONTAINER" value="765576af-33dc-4a04-bc1a-8d234706dcad"/>
<objectids-entry key="Default zone¤demo¤posts" objectid="16" type="ACTION" value="0f1b5291-ca80-411c-9217-4006f03551cb"/>
<objectids-entry key="Default zone¤demo¤posts" objectid="17" type="DELAY" value="5bcfb38a-931f-4591-82a5-31c92098685a"/>
<objectids-entry key="Default zone¤demo¤posts" objectid="18" type="DELAY" value="9016946c-2766-477a-8855-097734ea2e51"/>
<objectids-entry key="Default zone¤demo¤posts" objectid="19" type="BASIC_LOGICAL_CONTAINER" value="b206d797-63d0-43ea-96be-3c988bb2700d"/>
<objectids-entry key="Default zone¤demo¤posts" objectid="20" type="ACTION" value="1e0d0775-24d3-4dcb-b88e-d28350b7b9e2"/>
<objectids-entry key="Default zone¤demo¤posts" objectid="21" type="DELAY" value="6604d9ba-4280-47b0-ab62-aafa6a2ac524"/>
<objectids-entry key="Default zone¤demo¤posts" objectid="22" type="BASIC_LOGICAL_CONTAINER" value="298b8d52-0551-475e-acf9-1be526ff0739"/>
<objectids-entry key="Default zone¤demo¤posts" objectid="23" type="ACTION" value="ad87a873-bea4-49ee-b2b3-49d3e61fff8b"/>
<objectids-entry key="Default zone¤demo¤posts" objectid="24" type="BASIC_LOGICAL_CONTAINER" value="$parent=posts;$index=2"/>
<objectids-entry key="Default zone¤demo¤todos" objectid="25" type="VIRTUAL_USER" value="todos"/>
<objectids-entry key="Default zone¤demo¤todos" objectid="26" type="BASIC_LOGICAL_CONTAINER" value="$parent=todos;$index=0"/>
<objectids-entry key="Default zone¤demo¤todos" objectid="27" type="BASIC_LOGICAL_CONTAINER" value="$parent=todos;$index=1"/>
<objectids-entry key="Default zone¤demo¤todos" objectid="28" type="BASIC_LOGICAL_CONTAINER" value="b16b331b-15ef-44bb-83e7-4ee48c5789a5"/>
<objectids-entry key="Default zone¤demo¤todos" objectid="29" type="ACTION" value="25999e29-5967-4311-b95d-7eb01e1c7169"/>
<objectids-entry key="Default zone¤demo¤todos" objectid="30" type="DELAY" value="64e65dde-a9e3-49ef-b400-f1cf5d19f80a"/>
<objectids-entry key="Default zone¤demo¤todos" objectid="31" type="BASIC_LOGICAL_CONTAINER" value="18d58cea-ba3c-43ff-9e63-a75c468618fd"/>
<objectids-entry key="Default zone¤demo¤todos" objectid="32" type="ACTION" value="fb6f1059-3b1a-4ae2-b64f-7f456b1c9d4b"/>
<objectids-entry key="Default zone¤demo¤todos" objectid="33" type="BASIC_LOGICAL_CONTAINER" value="$parent=todos;$index=2"/>
<objectids-entry key="¤¤" objectid="34" type="MONITORED_HOST" value="NeoLoad"/>
<objectids-entry key="¤¤" objectid="35" type="MONITORCONNECTION" value="NeoLoad$NeoLoad"/>
<objectids-entry key="¤¤" objectid="36" type="MONITOR" value="NeoLoad$NeoLoad$UserLoad"/>
<objectids-entry key="¤¤" objectid="37" type="MONITOR" value="NeoLoad$NeoLoad$throughput"/>
<objectids-entry key="¤¤" objectid="38" type="MONITOR" value="NeoLoad$NeoLoad$Alerts"/>
<objectids-entry key="¤¤" objectid="39" type="MONITOR" value="NeoLoad$NeoLoad$CriticalAlerts"/>
<objectids-entry key="¤¤" objectid="40" type="MONITOR" value="NeoLoad$NeoLoad$WarningAlerts"/>
<objectids-entry key="¤¤" objectid="41" type="MONITOR" value="NeoLoad$NeoLoad$cpu"/>
<objectids-entry key="¤¤" objectid="42" type="THRESHOLD" value="NeoLoad$NeoLoad$ac4170c9-12a9-400b-9360-4c023190f030"/>
<objectids-entry key="¤¤" objectid="43" type="MONITOR" value="NeoLoad$NeoLoad$memory"/>
<objectids-entry key="¤¤" objectid="44" type="THRESHOLD" value="NeoLoad$NeoLoad$10fc6232-95c4-4f30-a67b-922bfd4d614e"/>
<objectids-entry key="¤¤" objectid="45" type="MONITOR" value="NeoLoad$NeoLoad$threadcount"/>
<objectids-entry key="¤¤" objectid="46" type="MONITOR" value="NeoLoad$NeoLoad$connectedlg"/>
<objectids-entry key="¤¤" objectid="47" type="MONITOR" value="NeoLoad$NeoLoad$totallgdisconnections"/>
<objectids-entry key="¤¤" objectid="48" type="THRESHOLD" value="NeoLoad$NeoLoad$6c85de95-0b25-49c6-ba4d-6cd22430dd5d"/>
<objectids-entry key="¤¤" objectid="49" type="MONITOR" value="NeoLoad$NeoLoad$totallgreconnections"/>
<objectids-entry key="¤¤" objectid="50" type="MONITOR" value="NeoLoad$NeoLoad$otcp.NeoLoad"/>
<objectids-entry key="¤¤" objectid="51" type="MONITOR" value="NeoLoad$NeoLoad$tcp.NeoLoad"/>
<objectids-entry key="¤¤" objectid="52" type="MONITOR" value="NeoLoad$NeoLoad$ibytesperinterface~NeoLoad~wlan0"/>
<objectids-entry key="¤¤" objectid="53" type="MONITOR" value="NeoLoad$NeoLoad$obytesperinterface~NeoLoad~wlan0"/>
<objectids-entry key="¤¤" objectid="54" type="MONITOR" value="NeoLoad$NeoLoad$ibytesperinterface~NeoLoad~eth4"/>
<objectids-entry key="¤¤" objectid="55" type="MONITOR" value="NeoLoad$NeoLoad$obytesperinterface~NeoLoad~eth4"/>
<objectids-entry key="¤¤" objectid="56" type="MONITOR" value="NeoLoad$NeoLoad$ibytesperinterface~NeoLoad~eth3"/>
<objectids-entry key="¤¤" objectid="57" type="MONITOR" value="NeoLoad$NeoLoad$obytesperinterface~NeoLoad~eth3"/>
<objectids-entry key="¤¤" objectid="58" type="MONITOR" value="NeoLoad$NeoLoad$ibytesperinterface~NeoLoad~eth18"/>
<objectids-entry key="¤¤" objectid="59" type="MONITOR" value="NeoLoad$NeoLoad$obytesperinterface~NeoLoad~eth18"/>
<objectids-entry key="¤¤" objectid="60" type="MONITOR" value="NeoLoad$NeoLoad$ibytesperinterface~NeoLoad~eth0"/>
<objectids-entry key="¤¤" objectid="61" type="MONITOR" value="NeoLoad$NeoLoad$obytesperinterface~NeoLoad~eth0"/>
<objectids-entry key="¤¤" objectid="62" type="MONITOR" value="NeoLoad$NeoLoad$ibytesperinterface~NeoLoad~wlan2"/>
<objectids-entry key="¤¤" objectid="63" type="MONITOR" value="NeoLoad$NeoLoad$obytesperinterface~NeoLoad~wlan2"/>
<objectids-entry key="¤¤" objectid="64" type="MONITOR" value="NeoLoad$NeoLoad$nlwebdownload"/>
<objectids-entry key="¤¤" objectid="65" type="MONITOR" value="NeoLoad$NeoLoad$nlwebupload"/>
<objectids-entry key="¤¤" objectid="66" type="MONITOR" value="NeoLoad$NeoLoad$SapUserLoad"/>
<objectids-entry key="¤¤" objectid="67" type="MONITOR" value="NeoLoad$NeoLoad$CitrixUserLoad"/>
<objectids-entry key="¤¤" objectid="68" type="MONITOR" value="NeoLoad$NeoLoad$zoneuserload~Default zone"/>
<objectids-entry key="¤¤" objectid="69" type="MONITOR" value="NeoLoad$NeoLoad$zoneuserloadperpopulation~Default zone~demo"/>
<objectids-entry key="¤¤" objectid="70" type="MONITOR" value="NeoLoad$NeoLoad$zoneuserloadperpopulation~Default zone~demo~users"/>
<objectids-entry key="¤¤" objectid="71" type="MONITOR" value="NeoLoad$NeoLoad$zoneuserloadperpopulation~Default zone~demo~posts"/>
<objectids-entry key="¤¤" objectid="72" type="MONITOR" value="NeoLoad$NeoLoad$zoneuserloadperpopulation~Default zone~demo~todos"/>
<objectids-entry key="¤¤" objectid="73" type="MONITORED_HOST" value="LG localhost:7100"/>
<objectids-entry key="¤¤" objectid="74" type="MONITORCONNECTION" value="LG localhost:7100$NeoLoad"/>
<objectids-entry key="¤¤" objectid="75" type="MONITOR" value="LG localhost:7100$NeoLoad$lgcpu.localhost:7100"/>
<objectids-entry key="¤¤" objectid="76" type="THRESHOLD" value="LG localhost:7100$NeoLoad$8f39a388-75a0-49b8-a882-40fc89714fce"/>
<objectids-entry key="¤¤" objectid="77" type="MONITOR" value="LG localhost:7100$NeoLoad$lgmemory.localhost:7100"/>
<objectids-entry key="¤¤" objectid="78" type="THRESHOLD" value="LG localhost:7100$NeoLoad$1f98b0d9-eb0b-48da-8b2d-3ca09b95b59b"/>
<objectids-entry key="¤¤" objectid="79" type="MONITOR" value="LG localhost:7100$NeoLoad$lgthroughput.localhost:7100"/>
<objectids-entry key="¤¤" objectid="80" type="MONITOR" value="LG localhost:7100$NeoLoad$lguserloadperpopulation~localhost:7100"/>
<objectids-entry key="¤¤" objectid="81" type="MONITOR" value="LG localhost:7100$NeoLoad$lgthreadcount.localhost:7100"/>
<objectids-entry key="¤¤" objectid="82" type="MONITOR" value="LG localhost:7100$NeoLoad$lg.jetty.httpclient.threadpool.used.localhost:7100"/>
<objectids-entry key="¤¤" objectid="83" type="MONITOR" value="LG localhost:7100$NeoLoad$lg.jetty.httpclient.taskpool.used.localhost:7100"/>
<objectids-entry key="¤¤" objectid="84" type="THRESHOLD" value="LG localhost:7100$NeoLoad$647197d3-76e6-4d82-a852-fa76421c57a9"/>
<objectids-entry key="¤¤" objectid="85" type="MONITOR" value="LG localhost:7100$NeoLoad$lgdisconnections.localhost:7100"/>
<objectids-entry key="¤¤" objectid="86" type="MONITOR" value="LG localhost:7100$NeoLoad$lgreconnections.localhost:7100"/>
<objectids-entry key="¤¤" objectid="87" type="MONITOR" value="LG localhost:7100$NeoLoad$lgping.localhost:7100"/>
<objectids-entry key="¤¤" objectid="88" type="MONITOR" value="LG localhost:7100$NeoLoad$lgotcp.localhost:7100"/>
<objectids-entry key="¤¤" objectid="89" type="MONITOR" value="LG localhost:7100$NeoLoad$lgtcp.localhost:7100"/>
<objectids-entry key="¤¤" objectid="90" type="MONITOR" value="LG localhost:7100$NeoLoad$lgibytesperinterface~localhost:7100~wlan0"/>
<objectids-entry key="¤¤" objectid="91" type="MONITOR" value="LG localhost:7100$NeoLoad$lgobytesperinterface~localhost:7100~wlan0"/>
<objectids-entry key="¤¤" objectid="92" type="MONITOR" value="LG localhost:7100$NeoLoad$lgibytesperinterface~localhost:7100~eth4"/>
<objectids-entry key="¤¤" objectid="93" type="MONITOR" value="LG localhost:7100$NeoLoad$lgobytesperinterface~localhost:7100~eth4"/>
<objectids-entry key="¤¤" objectid="94" type="MONITOR" value="LG localhost:7100$NeoLoad$lgibytesperinterface~localhost:7100~eth18"/>
<objectids-entry key="¤¤" objectid="95" type="MONITOR" value="LG localhost:7100$NeoLoad$lgobytesperinterface~localhost:7100~eth18"/>
<objectids-entry key="¤¤" objectid="96" type="MONITOR" value="LG localhost:7100$NeoLoad$lgibytesperinterface~localhost:7100~eth3"/>
<objectids-entry key="¤¤" objectid="97" type="MONITOR" value="LG localhost:7100$NeoLoad$lgobytesperinterface~localhost:7100~eth3"/>
<objectids-entry key="¤¤" objectid="98" type="MONITOR" value="LG localhost:7100$NeoLoad$lgibytesperinterface~localhost:7100~eth0"/>
<objectids-entry key="¤¤" objectid="99" type="MONITOR" value="LG localhost:7100$NeoLoad$lgobytesperinterface~localhost:7100~eth0"/>
<objectids-entry key="¤¤" objectid="100" type="MONITOR" value="LG localhost:7100$NeoLoad$lgibytesperinterface~localhost:7100~wlan2"/>
<objectids-entry key="¤¤" objectid="101" type="MONITOR" value="LG localhost:7100$NeoLoad$lgobytesperinterface~localhost:7100~wlan2"/>
</objectids-table>
<!--****** DURATION ******-->
<duration value="0"/>
<!--****** AGGREGATION PERIOD ******-->
<aggregation-period value="1000"/>
<!--****** EXTENDED STATISTICS ******-->
<truncated-mean centered-interval="true" percentage="90"/>
<percentile percentage="50"/>
</project>
